date,location,count
2025-01-01,BRK,7
2025-01-01,EWR,75
2025-01-01,JFK,70
2025-01-01,LGA,76
2025-01-02,BRK,15
2025-01-02,EWR,64
2025-01-02,JFK,69
2025-01-02,LGA,89
2025-01-02,SUBS,3
2025-01-03,BRK,12
2025-01-03,EWR,80
2025-01-03,JFK,78
2025-01-03,LGA,76
2025-01-04,BRK,12
2025-01-04,EWR,73
2025-01-04,JFK,63
2025-01-04,LGA,59
2025-01-04,SUBS,2
2025-01-05,BRK,16
2025-01-05,EWR,65
2025-01-05,JFK,61
2025-01-05,LGA,74
2025-01-06,BRK,11
2025-01-06,EWR,64
2025-01-06,JFK,90
2025-01-06,LGA,69
2025-01-06,SUBS,2
2025-01-07,BRK,6
2025-01-07,EWR,45
2025-01-07,JFK,60
2025-01-07,LGA,75
2025-01-07,SUBS,3
2025-01-08,BRK,15
2025-01-08,EWR,47
2025-01-08,JFK,53
2025-01-08,LGA,61
2025-01-08,SUBS,3
2025-01-09,BRK,10
2025-01-09,EWR,41
2025-01-09,JFK,41
2025-01-09,LGA,60
2025-01-09,SUBS,1
2025-01-10,BRK,5
2025-01-10,EWR,45
2025-01-10,JFK,32
2025-01-10,LGA,58
2025-01-10,SUBS,4
2025-01-11,BRK,8
2025-01-11,EWR,38
2025-01-11,JFK,42
2025-01-11,LGA,60
2025-01-12,BRK,10
2025-01-12,EWR,43
2025-01-12,JFK,72
2025-01-12,LGA,84
2025-01-13,BRK,21
2025-01-13,EWR,70
2025-01-13,JFK,89
2025-01-13,LGA,88
2025-01-14,BRK,12
2025-01-14,EWR,49
2025-01-14,JFK,65
2025-01-14,LGA,55
2025-01-14,SUBS,5
2025-01-15,BRK,6
2025-01-15,EWR,49
2025-01-15,JFK,53
2025-01-15,LGA,75
2025-01-15,SUBS,3
2025-01-16,BRK,12
2025-01-16,EWR,33
2025-01-16,JFK,49
2025-01-16,LGA,66
2025-01-17,BRK,12
2025-01-17,EWR,49
2025-01-17,JFK,57
2025-01-17,LGA,70
2025-01-17,SUBS,6
2025-01-18,BRK,11
2025-01-18,EWR,59
2025-01-18,JFK,59
2025-01-18,LGA,52
2025-01-18,SUBS,2
2025-01-19,BRK,11
2025-01-19,EWR,58
2025-01-19,JFK,83
2025-01-19,LGA,73
2025-01-19,SUBS,1
2025-01-20,BRK,16
2025-01-20,EWR,109
2025-01-20,JFK,100
2025-01-20,LGA,119
2025-01-20,SUBS,2
2025-01-21,BRK,13
2025-01-21,EWR,53
2025-01-21,JFK,77
2025-01-21,LGA,74
2025-01-22,BRK,11
2025-01-22,EWR,54
2025-01-22,JFK,56
2025-01-22,LGA,62
2025-01-22,SUBS,1
2025-01-23,BRK,5
2025-01-23,EWR,40
2025-01-23,JFK,56
2025-01-23,LGA,58
2025-01-23,SUBS,1
2025-01-24,BRK,7
2025-01-24,EWR,47
2025-01-24,JFK,54
2025-01-24,LGA,62
2025-01-25,BRK,6
2025-01-25,EWR,42
2025-01-25,JFK,56
2025-01-25,LGA,47
2025-01-25,SUBS,1
2025-01-26,BRK,9
2025-01-26,EWR,64
2025-01-26,JFK,100
2025-01-26,LGA,65
2025-01-26,SUBS,1
2025-01-27,BRK,18
2025-01-27,EWR,64
2025-01-27,JFK,84
2025-01-27,LGA,93
2025-01-27,SUBS,5
2025-01-28,BRK,16
2025-01-28,EWR,57
2025-01-28,JFK,58
2025-01-28,LGA,75
2025-01-28,SUBS,1
2025-01-29,BRK,8
2025-01-29,EWR,56
2025-01-29,JFK,57
2025-01-29,LGA,81
2025-01-30,BRK,3
2025-01-30,EWR,55
2025-01-30,JFK,44
2025-01-30,LGA,84
2025-01-30,SUBS,2
2025-01-31,BRK,15
2025-01-31,EWR,62
2025-01-31,JFK,72
2025-01-31,LGA,72
2025-01-31,SUBS,5
2025-02-01,BRK,10
2025-02-01,EWR,36
2025-02-01,JFK,48
2025-02-01,LGA,59
2025-02-01,SUBS,1
2025-02-02,BRK,13
2025-02-02,EWR,58
2025-02-02,JFK,79
2025-02-02,LGA,97
2025-02-03,BRK,16
2025-02-03,EWR,62
2025-02-03,JFK,78
2025-02-03,LGA,87
2025-02-03,SUBS,1
2025-02-04,BRK,14
2025-02-04,EWR,48
2025-02-04,JFK,47
2025-02-04,LGA,68
2025-02-04,SUBS,4
2025-02-05,BRK,6
2025-02-05,EWR,50
2025-02-05,JFK,55
2025-02-05,LGA,69
2025-02-05,SUBS,1
2025-02-06,BRK,7
2025-02-06,EWR,39
2025-02-06,JFK,58
2025-02-06,LGA,51
2025-02-06,SUBS,3
2025-02-07,BRK,10
2025-02-07,EWR,44
2025-02-07,JFK,67
2025-02-07,LGA,60
2025-02-07,SUBS,3
2025-02-08,BRK,5
2025-02-08,EWR,40
2025-02-08,JFK,45
2025-02-08,LGA,45
2025-02-09,BRK,5
2025-02-09,EWR,55
2025-02-09,JFK,54
2025-02-09,LGA,70
2025-02-10,BRK,16
2025-02-10,EWR,63
2025-02-10,JFK,90
2025-02-10,LGA,95
2025-02-10,SUBS,2
2025-02-11,BRK,6
2025-02-11,EWR,45
2025-02-11,JFK,69
2025-02-11,LGA,73
2025-02-12,BRK,5
2025-02-12,EWR,42
2025-02-12,JFK,58
2025-02-12,LGA,47
2025-02-12,SUBS,3
2025-02-13,BRK,6
2025-02-13,EWR,44
2025-02-13,JFK,40
2025-02-13,LGA,53
2025-02-13,SUBS,1
2025-02-14,BRK,12
2025-02-14,EWR,38
2025-02-14,JFK,49
2025-02-14,LGA,49
2025-02-14,SUBS,4
2025-02-15,BRK,10
2025-02-15,EWR,34
2025-02-15,JFK,44
2025-02-15,LGA,38
2025-02-16,BRK,7
2025-02-16,EWR,49
2025-02-16,JFK,50
2025-02-16,LGA,66
2025-02-17,BRK,18
2025-02-17,EWR,89
2025-02-17,JFK,94
2025-02-17,LGA,103
2025-02-17,SUBS,2
2025-02-18,BRK,9
2025-02-18,EWR,60
2025-02-18,JFK,91
2025-02-18,LGA,89
2025-02-18,SUBS,4
2025-02-19,BRK,18
2025-02-19,EWR,46
2025-02-19,JFK,54
2025-02-19,LGA,62
2025-02-19,SUBS,3
2025-02-20,BRK,8
2025-02-20,EWR,52
2025-02-20,JFK,40
2025-02-20,LGA,67
2025-02-21,BRK,14
2025-02-21,EWR,47
2025-02-21,JFK,61
2025-02-21,LGA,63
2025-02-21,SUBS,7
2025-02-22,BRK,6
2025-02-22,EWR,34
2025-02-22,JFK,56
2025-02-22,LGA,57
2025-02-23,BRK,11
2025-02-23,EWR,60
2025-02-23,JFK,84
2025-02-23,LGA,84
2025-02-24,BRK,15
2025-02-24,EWR,51
2025-02-24,JFK,70
2025-02-24,LGA,103
2025-02-25,BRK,12
2025-02-25,EWR,34
2025-02-25,JFK,50
2025-02-25,LGA,69
2025-02-25,SUBS,1
2025-02-26,BRK,12
2025-02-26,EWR,53
2025-02-26,JFK,42
2025-02-26,LGA,67
2025-02-26,SUBS,2
2025-02-27,BRK,10
2025-02-27,EWR,49
2025-02-27,JFK,39
2025-02-27,LGA,73
2025-02-27,SUBS,1
2025-02-28,BRK,14
2025-02-28,EWR,62
2025-02-28,JFK,55
2025-02-28,LGA,71
2025-02-28,SUBS,5
2025-03-01,BRK,11
2025-03-01,EWR,28
2025-03-01,JFK,52
2025-03-01,LGA,45
2025-03-02,BRK,10
2025-03-02,EWR,40
2025-03-02,JFK,82
2025-03-02,LGA,75
2025-03-03,BRK,22
2025-03-03,EWR,50
2025-03-03,JFK,87
2025-03-03,LGA,81
2025-03-03,SUBS,4
2025-03-04,BRK,10
2025-03-04,EWR,42
2025-03-04,JFK,71
2025-03-04,LGA,61
2025-03-04,SUBS,3
2025-03-05,BRK,13
2025-03-05,EWR,34
2025-03-05,JFK,51
2025-03-05,LGA,58
2025-03-05,SUBS,7
2025-03-06,BRK,7
2025-03-06,EWR,44
2025-03-06,JFK,63
2025-03-06,LGA,57
2025-03-06,SUBS,2
2025-03-07,BRK,15
2025-03-07,EWR,32
2025-03-07,JFK,45
2025-03-07,LGA,58
2025-03-07,SUBS,1
2025-03-08,BRK,3
2025-03-08,EWR,21
2025-03-08,JFK,40
2025-03-08,LGA,44
2025-03-08,SUBS,2
2025-03-09,BRK,14
2025-03-09,EWR,43
2025-03-09,JFK,71
2025-03-09,LGA,65
2025-03-10,BRK,19
2025-03-10,EWR,46
2025-03-10,JFK,92
2025-03-10,LGA,83
2025-03-10,SUBS,3
2025-03-11,BRK,12
2025-03-11,EWR,48
2025-03-11,JFK,60
2025-03-11,LGA,74
2025-03-11,SUBS,3
2025-03-12,BRK,11
2025-03-12,EWR,42
2025-03-12,JFK,58
2025-03-12,LGA,87
2025-03-13,BRK,9
2025-03-13,EWR,46
2025-03-13,JFK,46
2025-03-13,LGA,64
2025-03-13,SUBS,2
2025-03-14,BRK,16
2025-03-14,EWR,37
2025-03-14,JFK,53
2025-03-14,LGA,76
2025-03-14,SUBS,7
2025-03-15,BRK,6
2025-03-15,EWR,31
2025-03-15,JFK,50
2025-03-15,LGA,85
2025-03-15,SUBS,1
2025-03-16,BRK,11
2025-03-16,EWR,52
2025-03-16,JFK,79
2025-03-16,LGA,101
2025-03-16,SUBS,1
2025-03-17,BRK,26
2025-03-17,EWR,47
2025-03-17,JFK,76
2025-03-17,LGA,92
2025-03-18,BRK,12
2025-03-18,EWR,34
2025-03-18,JFK,57
2025-03-18,LGA,85
2025-03-19,BRK,12
2025-03-19,EWR,48
2025-03-19,JFK,66
2025-03-19,LGA,67
2025-03-19,SUBS,1
2025-03-20,BRK,10
2025-03-20,EWR,47
2025-03-20,JFK,58
2025-03-20,LGA,61
2025-03-20,SUBS,5
2025-03-21,BRK,18
2025-03-21,EWR,43
2025-03-21,JFK,54
2025-03-21,LGA,80
2025-03-21,SUBS,5
2025-03-22,BRK,8
2025-03-22,EWR,18
2025-03-22,JFK,58
2025-03-22,LGA,53
2025-03-23,BRK,12
2025-03-23,EWR,49
2025-03-23,JFK,68
2025-03-23,LGA,89
2025-03-24,BRK,18
2025-03-24,EWR,61
2025-03-24,JFK,86
2025-03-24,LGA,103
2025-03-24,SUBS,1
2025-03-25,BRK,13
2025-03-25,EWR,33
2025-03-25,JFK,70
2025-03-25,LGA,82
2025-03-25,SUBS,2
2025-03-26,BRK,9
2025-03-26,EWR,54
2025-03-26,JFK,58
2025-03-26,LGA,88
2025-03-26,SUBS,2
2025-03-27,BRK,5
2025-03-27,EWR,47
2025-03-27,JFK,64
2025-03-27,LGA,84
2025-03-28,BRK,13
2025-03-28,EWR,40
2025-03-28,JFK,51
2025-03-28,LGA,63
2025-03-28,SUBS,4
2025-03-29,BRK,6
2025-03-29,EWR,33
2025-03-29,JFK,55
2025-03-29,LGA,39
2025-03-29,SUBS,2
2025-03-30,BRK,5
2025-03-30,EWR,51
2025-03-30,JFK,68
2025-03-30,LGA,64
2025-03-31,BRK,16
2025-03-31,EWR,65
2025-03-31,JFK,101
2025-03-31,LGA,113
2025-03-31,SUBS,3
2025-04-01,BRK,20
2025-04-01,EWR,53
2025-04-01,JFK,69
2025-04-01,LGA,101
2025-04-01,SUBS,2
2025-04-02,BRK,9
2025-04-02,EWR,47
2025-04-02,JFK,70
2025-04-02,LGA,81
2025-04-02,SUBS,2
2025-04-03,BRK,7
2025-04-03,EWR,42
2025-04-03,JFK,52
2025-04-03,LGA,69
2025-04-03,SUBS,2
2025-04-04,BRK,15
2025-04-04,EWR,44
2025-04-04,JFK,79
2025-04-04,LGA,56
2025-04-04,SUBS,2
2025-04-05,BRK,4
2025-04-05,EWR,24
2025-04-05,JFK,60
2025-04-05,LGA,42
2025-04-06,BRK,8
2025-04-06,EWR,54
2025-04-06,JFK,74
2025-04-06,LGA,86
2025-04-07,BRK,19
2025-04-07,EWR,65
2025-04-07,JFK,78
2025-04-07,LGA,92
2025-04-07,SUBS,1
2025-04-08,BRK,10
2025-04-08,EWR,71
2025-04-08,JFK,73
2025-04-08,LGA,86
2025-04-08,SUBS,1
2025-04-09,BRK,11
2025-04-09,EWR,56
2025-04-09,JFK,67
2025-04-09,LGA,87
2025-04-09,SUBS,3
2025-04-10,BRK,14
2025-04-10,EWR,36
2025-04-10,JFK,48
2025-04-10,LGA,51
2025-04-10,SUBS,6
2025-04-11,BRK,12
2025-04-11,EWR,31
2025-04-11,JFK,70
2025-04-11,LGA,52
2025-04-11,SUBS,1
2025-04-12,BRK,6
2025-04-12,EWR,29
2025-04-12,JFK,49
2025-04-12,LGA,33
2025-04-12,SUBS,2
2025-04-13,BRK,4
2025-04-13,EWR,37
2025-04-13,JFK,63
2025-04-13,LGA,63
2025-04-13,SUBS,1
2025-04-14,BRK,14
2025-04-14,EWR,61
2025-04-14,JFK,72
2025-04-14,LGA,108
2025-04-14,SUBS,3
2025-04-15,BRK,12
2025-04-15,EWR,79
2025-04-15,JFK,86
2025-04-15,LGA,78
2025-04-16,BRK,11
2025-04-16,EWR,54
2025-04-16,JFK,60
2025-04-16,LGA,85
2025-04-16,SUBS,3
2025-04-17,BRK,16
2025-04-17,EWR,44
2025-04-17,JFK,62
2025-04-17,LGA,71
2025-04-17,SUBS,1
2025-04-18,BRK,22
2025-04-18,EWR,35
2025-04-18,JFK,72
2025-04-18,LGA,79
2025-04-18,SUBS,1
2025-04-19,BRK,6
2025-04-19,EWR,38
2025-04-19,JFK,56
2025-04-19,LGA,53
2025-04-19,SUBS,1
2025-04-20,BRK,10
2025-04-20,EWR,68
2025-04-20,JFK,88
2025-04-20,LGA,97
2025-04-21,BRK,27
2025-04-21,EWR,76
2025-04-21,JFK,96
2025-04-21,LGA,105
2025-04-22,BRK,22
2025-04-22,EWR,56
2025-04-22,JFK,77
2025-04-22,LGA,68
2025-04-22,SUBS,1
2025-04-23,BRK,8
2025-04-23,EWR,37
2025-04-23,JFK,49
2025-04-23,LGA,75
2025-04-23,SUBS,2
2025-04-24,BRK,13
2025-04-24,EWR,42
2025-04-24,JFK,53
2025-04-24,LGA,65
2025-04-24,SUBS,3
2025-04-25,BRK,19
2025-04-25,EWR,35
2025-04-25,JFK,53
2025-04-25,LGA,80
2025-04-25,SUBS,2
2025-04-26,BRK,8
2025-04-26,EWR,33
2025-04-26,JFK,62
2025-04-26,LGA,59
2025-04-27,BRK,9
2025-04-27,EWR,62
2025-04-27,JFK,75
2025-04-27,LGA,87
2025-04-28,BRK,25
2025-04-28,EWR,82
2025-04-28,JFK,87
2025-04-28,LGA,113
2025-04-28,SUBS,3
2025-04-29,BRK,12
2025-04-29,EWR,37
2025-04-29,JFK,83
2025-04-29,LGA,71
2025-04-29,SUBS,1
2025-04-30,BRK,14
2025-04-30,EWR,45
2025-04-30,JFK,84
2025-04-30,LGA,70
2025-04-30,SUBS,2
2025-05-01,BRK,10
2025-05-01,EWR,35
2025-05-01,JFK,43
2025-05-01,LGA,66
2025-05-01,SUBS,5
2025-05-02,BRK,9
2025-05-02,EWR,39
2025-05-02,JFK,64
2025-05-02,LGA,65
2025-05-02,SUBS,1
2025-05-03,BRK,7
2025-05-03,EWR,32
2025-05-03,JFK,42
2025-05-03,LGA,40
2025-05-04,BRK,9
2025-05-04,EWR,55
2025-05-04,JFK,78
2025-05-04,LGA,62
2025-05-05,BRK,19
2025-05-05,EWR,65
2025-05-05,JFK,85
2025-05-05,LGA,129
2025-05-06,BRK,10
2025-05-06,EWR,68
2025-05-06,JFK,82
2025-05-06,LGA,81
2025-05-06,SUBS,1
2025-05-07,BRK,7
2025-05-07,EWR,54
2025-05-07,JFK,64
2025-05-07,LGA,75
2025-05-07,SUBS,1
2025-05-08,BRK,14
2025-05-08,EWR,35
2025-05-08,JFK,61
2025-05-08,LGA,75
2025-05-08,SUBS,2
2025-05-09,BRK,15
2025-05-09,EWR,43
2025-05-09,JFK,68
2025-05-09,LGA,78
2025-05-09,SUBS,2
2025-05-10,BRK,7
2025-05-10,EWR,34
2025-05-10,JFK,50
2025-05-10,LGA,31
2025-05-10,SUBS,1
2025-05-11,BRK,15
2025-05-11,EWR,54
2025-05-11,JFK,80
2025-05-11,LGA,79
2025-05-12,BRK,29
2025-05-12,EWR,81
2025-05-12,JFK,92
2025-05-12,LGA,112
2025-05-12,SUBS,3
2025-05-13,BRK,11
2025-05-13,EWR,74
2025-05-13,JFK,71
2025-05-13,LGA,76
2025-05-14,BRK,9
2025-05-14,EWR,51
2025-05-14,JFK,66
2025-05-14,LGA,77
2025-05-14,SUBS,1
2025-05-15,BRK,11
2025-05-15,EWR,49
2025-05-15,JFK,71
2025-05-15,LGA,76
2025-05-15,SUBS,1
2025-05-16,BRK,16
2025-05-16,EWR,59
2025-05-16,JFK,80
2025-05-16,LGA,74
2025-05-16,SUBS,2
2025-05-17,BRK,15
2025-05-17,EWR,56
2025-05-17,JFK,72
2025-05-17,LGA,58
2025-05-17,SUBS,1
2025-05-18,BRK,9
2025-05-18,EWR,86
2025-05-18,JFK,104
2025-05-18,LGA,96
2025-05-19,BRK,25
2025-05-19,EWR,103
2025-05-19,JFK,98
2025-05-19,LGA,71
2025-05-19,SUBS,1
2025-05-20,BRK,12
2025-05-20,EWR,78
2025-05-20,JFK,98
2025-05-20,LGA,83
2025-05-20,SUBS,2
2025-05-21,BRK,12
2025-05-21,EWR,87
2025-05-21,JFK,82
2025-05-21,LGA,105
2025-05-21,SUBS,1
2025-05-22,BRK,15
2025-05-22,EWR,76
2025-05-22,JFK,61
2025-05-22,LGA,78
2025-05-22,SUBS,3
2025-05-23,BRK,14
2025-05-23,EWR,55
2025-05-23,JFK,67
2025-05-23,LGA,68
2025-05-23,SUBS,1
2025-05-24,BRK,5
2025-05-24,EWR,40
2025-05-24,JFK,60
2025-05-24,LGA,37
2025-05-25,BRK,9
2025-05-25,EWR,87
2025-05-25,JFK,78
2025-05-25,LGA,77
2025-05-26,BRK,16
2025-05-26,EWR,125
2025-05-26,JFK,108
2025-05-26,LGA,115
2025-05-27,BRK,27
2025-05-27,EWR,77
2025-05-27,JFK,109
2025-05-27,LGA,84
2025-05-28,BRK,15
2025-05-28,EWR,50
2025-05-28,JFK,68
2025-05-28,LGA,75
2025-05-29,BRK,16
2025-05-29,EWR,43
2025-05-29,JFK,65
2025-05-29,LGA,65
2025-05-29,SUBS,1
2025-05-30,BRK,19
2025-05-30,EWR,55
2025-05-30,JFK,56
2025-05-30,LGA,70
2025-05-30,SUBS,2
2025-05-31,BRK,6
2025-05-31,EWR,46
2025-05-31,JFK,66
2025-05-31,LGA,44
2025-05-31,SUBS,1
2025-06-01,BRK,14
2025-06-01,EWR,79
2025-06-01,JFK,120
2025-06-01,LGA,90
2025-06-02,BRK,22
2025-06-02,EWR,91
2025-06-02,JFK,89
2025-06-02,LGA,87
2025-06-02,SUBS,1
2025-06-03,BRK,9
2025-06-03,EWR,59
2025-06-03,JFK,69
2025-06-03,LGA,77
2025-06-04,BRK,16
2025-06-04,EWR,64
2025-06-04,JFK,82
2025-06-04,LGA,65
2025-06-04,SUBS,1
2025-06-05,BRK,15
2025-06-05,EWR,57
2025-06-05,JFK,53
2025-06-05,LGA,52
2025-06-06,BRK,19
2025-06-06,EWR,63
2025-06-06,JFK,64
2025-06-06,LGA,39
2025-06-06,SUBS,1
2025-06-07,BRK,11
2025-06-07,EWR,47
2025-06-07,JFK,65
2025-06-07,LGA,45
2025-06-07,SUBS,1
2025-06-08,BRK,11
2025-06-08,EWR,96
2025-06-08,JFK,72
2025-06-08,LGA,77
2025-06-09,BRK,32
2025-06-09,EWR,89
2025-06-09,JFK,93
2025-06-09,LGA,87
2025-06-10,BRK,9
2025-06-10,EWR,66
2025-06-10,JFK,76
2025-06-10,LGA,73
2025-06-11,BRK,20
2025-06-11,EWR,74
2025-06-11,JFK,67
2025-06-11,LGA,72
2025-06-11,SUBS,1
2025-06-12,BRK,6
2025-06-12,EWR,59
2025-06-12,JFK,63
2025-06-12,LGA,69
2025-06-13,BRK,18
2025-06-13,EWR,69
2025-06-13,JFK,68
2025-06-13,LGA,67
2025-06-13,SUBS,2
2025-06-14,BRK,9
2025-06-14,EWR,46
2025-06-14,JFK,67
2025-06-14,LGA,31
2025-06-15,BRK,18
2025-06-15,EWR,66
2025-06-15,JFK,64
2025-06-15,LGA,91
2025-06-16,BRK,23
2025-06-16,EWR,93
2025-06-16,JFK,74
2025-06-16,LGA,84
2025-06-16,SUBS,1
2025-06-17,BRK,14
2025-06-17,EWR,73
2025-06-17,JFK,80
2025-06-17,LGA,85
2025-06-17,SUBS,1
2025-06-18,BRK,14
2025-06-18,EWR,47
2025-06-18,JFK,83
2025-06-18,LGA,65
2025-06-19,BRK,12
2025-06-19,EWR,53
2025-06-19,JFK,63
2025-06-19,LGA,56
2025-06-19,SUBS,1
2025-06-20,BRK,22
2025-06-20,EWR,64
2025-06-20,JFK,62
2025-06-20,LGA,68
2025-06-20,SUBS,2
2025-06-21,BRK,10
2025-06-21,EWR,39
2025-06-21,JFK,71
2025-06-21,LGA,53
2025-06-22,BRK,25
2025-06-22,EWR,81
2025-06-22,JFK,94
2025-06-22,LGA,126
2025-06-23,BRK,21
2025-06-23,EWR,79
2025-06-23,JFK,98
2025-06-23,LGA,84
2025-06-24,BRK,12
2025-06-24,EWR,69
2025-06-24,JFK,87
2025-06-24,LGA,69
2025-06-24,SUBS,1
2025-06-25,BRK,12
2025-06-25,EWR,71
2025-06-25,JFK,86
2025-06-25,LGA,96
2025-06-25,SUBS,1
2025-06-26,BRK,20
2025-06-26,EWR,61
2025-06-26,JFK,77
2025-06-26,LGA,61
2025-06-27,BRK,18
2025-06-27,EWR,55
2025-06-27,JFK,66
2025-06-27,LGA,65
2025-06-28,BRK,8
2025-06-28,EWR,53
2025-06-28,JFK,52
2025-06-28,LGA,59
2025-06-29,BRK,15
2025-06-29,EWR,82
2025-06-29,JFK,104
2025-06-29,LGA,121
2025-06-30,BRK,35
2025-06-30,EWR,110
2025-06-30,JFK,148
2025-06-30,LGA,126
2025-07-01,BRK,18
2025-07-01,EWR,81
2025-07-01,JFK,121
2025-07-01,LGA,106
2025-07-02,BRK,14
2025-07-02,EWR,59
2025-07-02,JFK,101
2025-07-02,LGA,66
2025-07-03,BRK,15
2025-07-03,EWR,70
2025-07-03,JFK,97
2025-07-03,LGA,69
2025-07-03,SUBS,1
2025-07-04,BRK,2
2025-07-04,EWR,45
2025-07-04,JFK,49
2025-07-04,LGA,51
2025-07-05,BRK,6
2025-07-05,EWR,40
2025-07-05,JFK,59
2025-07-05,LGA,49
2025-07-06,BRK,20
2025-07-06,EWR,109
2025-07-06,JFK,112
2025-07-06,LGA,149
2025-07-07,BRK,40
2025-07-07,EWR,81
2025-07-07,JFK,106
2025-07-07,LGA,99
2025-07-08,BRK,16
2025-07-08,EWR,70
2025-07-08,JFK,90
2025-07-08,LGA,84
2025-07-09,BRK,12
2025-07-09,EWR,51
2025-07-09,JFK,85
2025-07-09,LGA,72
2025-07-10,BRK,11
2025-07-10,EWR,45
2025-07-10,JFK,82
2025-07-10,LGA,82
2025-07-11,BRK,14
2025-07-11,EWR,57
2025-07-11,JFK,66
2025-07-11,LGA,58
2025-07-12,BRK,6
2025-07-12,EWR,58
2025-07-12,JFK,63
2025-07-12,LGA,59
2025-07-12,SUBS,1
2025-07-13,BRK,13
2025-07-13,EWR,46
2025-07-13,JFK,77
2025-07-13,LGA,108
2025-07-14,BRK,27
2025-07-14,EWR,61
2025-07-14,JFK,103
2025-07-14,LGA,90
2025-07-14,NYC,1
2025-07-15,BRK,18
2025-07-15,EWR,69
2025-07-15,JFK,88
2025-07-15,LGA,85
2025-07-16,BRK,11
2025-07-16,EWR,85
2025-07-16,JFK,87
2025-07-16,LGA,81
2025-07-17,BRK,12
2025-07-17,BRKJS,2
2025-07-17,EWR,58
2025-07-17,JFK,71
2025-07-17,LGA,78
2025-07-18,BRK,19
2025-07-18,BRKJS,3
2025-07-18,EWR,58
2025-07-18,JFK,73
2025-07-18,LGA,79
2025-07-19,BRK,10
2025-07-19,BRKJS,2
2025-07-19,EWR,64
2025-07-19,JFK,83
2025-07-19,LGA,64
2025-07-20,BRK,17
2025-07-20,BRKJS,2
2025-07-20,EWR,72
2025-07-20,JFK,120
2025-07-20,LGA,150
2025-07-21,BRK,24
2025-07-21,BRKJS,13
2025-07-21,EWR,64
2025-07-21,JFK,121
2025-07-21,LGA,112
2025-07-21,SUBS,1
2025-07-22,BRK,17
2025-07-22,BRKJS,3
2025-07-22,EWR,56
2025-07-22,JFK,73
2025-07-22,LGA,87
2025-07-23,BRK,17
2025-07-23,BRKJS,3
2025-07-23,EWR,45
2025-07-23,JFK,91
2025-07-23,LGA,103
2025-07-24,BRK,11
2025-07-24,BRKJS,1
2025-07-24,EWR,55
2025-07-24,JFK,69
2025-07-24,LGA,60
2025-07-25,BRK,18
2025-07-25,BRKJS,5
2025-07-25,EWR,49
2025-07-25,JFK,78
2025-07-25,LGA,74
2025-07-26,BRK,9
2025-07-26,BRKJS,4
2025-07-26,EWR,46
2025-07-26,JFK,48
2025-07-26,LGA,48
2025-07-27,BRK,15
2025-07-27,BRKJS,7
2025-07-27,EWR,48
2025-07-27,JFK,75
2025-07-27,LGA,123
2025-07-28,BRK,23
2025-07-28,BRKJS,18
2025-07-28,EWR,67
2025-07-28,JFK,80
2025-07-28,LGA,120
2025-07-29,BRK,14
2025-07-29,BRKJS,8
2025-07-29,EWR,68
2025-07-29,JFK,88
2025-07-29,LGA,86
2025-07-30,BRK,10
2025-07-30,BRKJS,8
2025-07-30,EWR,53
2025-07-30,JFK,92
2025-07-30,LGA,58
2025-07-31,BRK,18
2025-07-31,BRKJS,8
2025-07-31,EWR,53
2025-07-31,JFK,86
2025-07-31,LGA,75
2025-08-01,BRK,11
2025-08-01,BRKJS,7
2025-08-01,EWR,41
2025-08-01,JFK,66
2025-08-01,LGA,63
2025-08-02,BRK,9
2025-08-02,BRKJS,3
2025-08-02,EWR,35
2025-08-02,JFK,42
2025-08-02,LGA,44
2025-08-03,BRK,9
2025-08-03,BRKJS,18
2025-08-03,EWR,50
2025-08-03,JFK,61
2025-08-03,LGA,124
2025-08-04,BRK,21
2025-08-04,BRKJS,17
2025-08-04,EWR,62
2025-08-04,JFK,99
2025-08-04,LGA,111
2025-08-05,BRK,13
2025-08-05,BRKJS,12
2025-08-05,EWR,49
2025-08-05,JFK,76
2025-08-05,LGA,100
2025-08-06,BRK,17
2025-08-06,BRKJS,10
2025-08-06,EWR,47
2025-08-06,JFK,71
2025-08-06,LGA,103
2025-08-07,BRK,21
2025-08-07,BRKJS,13
2025-08-07,EWR,50
2025-08-07,JFK,64
2025-08-07,LGA,78
2025-08-08,BRK,16
2025-08-08,BRKJS,7
2025-08-08,EWR,36
2025-08-08,JFK,77
2025-08-08,LGA,79
2025-08-08,SUBS,1
2025-08-09,BRK,7
2025-08-09,BRKJS,4
2025-08-09,EWR,32
2025-08-09,JFK,40
2025-08-09,LGA,43
2025-08-10,BRK,7
2025-08-10,BRKJS,23
2025-08-10,EWR,54
2025-08-10,JFK,67
2025-08-10,LGA,118
2025-08-11,BRK,23
2025-08-11,BRKJS,19
2025-08-11,EWR,66
2025-08-11,JFK,93
2025-08-11,LGA,115
2025-08-12,BRK,14
2025-08-12,BRKJS,10
2025-08-12,EWR,65
2025-08-12,JFK,87
2025-08-12,LGA,87
2025-08-12,SUBS,1
2025-08-13,BRK,19
2025-08-13,BRKJS,9
2025-08-13,EWR,54
2025-08-13,JFK,73
2025-08-13,LGA,88
2025-08-14,BRK,15
2025-08-14,BRKJS,12
2025-08-14,EWR,57
2025-08-14,JFK,76
2025-08-14,LGA,93
2025-08-15,BRK,13
2025-08-15,BRKJS,7
2025-08-15,EWR,48
2025-08-15,JFK,70
2025-08-15,LGA,86
2025-08-16,BRK,9
2025-08-16,BRKJS,10
2025-08-16,EWR,42
2025-08-16,JFK,62
2025-08-16,LGA,62
2025-08-17,BRK,16
2025-08-17,BRKJS,22
2025-08-17,EWR,56
2025-08-17,JFK,109
2025-08-17,LGA,126
2025-08-18,BRK,32
2025-08-18,BRKJS,30
2025-08-18,EWR,71
2025-08-18,JFK,94
2025-08-18,LGA,120
2025-08-19,BRK,15
2025-08-19,BRKJS,11
2025-08-19,EWR,68
2025-08-19,JFK,74
2025-08-19,LGA,96
2025-08-20,BRK,24
2025-08-20,BRKJS,17
2025-08-20,EWR,59
2025-08-20,JFK,78
2025-08-20,LGA,63
2025-08-20,SUBS,1
2025-08-21,BRK,14
2025-08-21,BRKJS,17
2025-08-21,EWR,72
2025-08-21,JFK,79
2025-08-21,LGA,83
2025-08-22,BRK,25
2025-08-22,BRKJS,14
2025-08-22,EWR,55
2025-08-22,JFK,71
2025-08-22,LGA,81
2025-08-23,BRK,14
2025-08-23,BRKJS,11
2025-08-23,EWR,47
2025-08-23,JFK,60
2025-08-23,LGA,65
2025-08-24,BRK,4
2025-08-24,BRKJS,34
2025-08-24,EWR,72
2025-08-24,JFK,120
2025-08-24,LGA,144
2025-08-25,BRK,25
2025-08-25,BRKJS,30
2025-08-25,EWR,79
2025-08-25,JFK,104
2025-08-25,LGA,114
2025-08-26,BRK,13
2025-08-26,BRKJS,25
2025-08-26,EWR,48
2025-08-26,JFK,83
2025-08-26,LGA,76
2025-08-27,BRK,15
2025-08-27,BRKJS,14
2025-08-27,EWR,45
2025-08-27,JFK,55
2025-08-27,LGA,82
2025-08-28,BRK,9
2025-08-28,BRKJS,7
2025-08-28,EWR,49
2025-08-28,JFK,38
2025-08-28,LGA,61
2025-08-29,BRK,7
2025-08-29,BRKJS,7
2025-08-29,EWR,30
2025-08-29,JFK,64
2025-08-29,LGA,61
2025-08-30,BRK,5
2025-08-30,BRKJS,8
2025-08-30,EWR,29
2025-08-30,JFK,45
2025-08-30,LGA,49
2025-08-31,BRK,9
2025-08-31,BRKJS,16
2025-08-31,EWR,47
2025-08-31,JFK,93
2025-08-31,LGA,103
2025-09-01,BRK,23
2025-09-01,BRKJS,51
2025-09-01,EWR,119
2025-09-01,JFK,134
2025-09-01,LGA,152
2025-09-02,BRK,29
2025-09-02,BRKJS,22
2025-09-02,EWR,62
2025-09-02,JFK,89
2025-09-02,LGA,109
2025-09-03,BRK,6
2025-09-03,BRKJS,11
2025-09-03,EWR,33
2025-09-03,JFK,62
2025-09-03,LGA,58
2025-09-04,BRK,8
2025-09-04,BRKJS,1
2025-09-04,EWR,29
2025-09-04,JFK,34
2025-09-04,LGA,30
2025-09-05,BRK,13
2025-09-05,BRKJS,3
2025-09-05,EWR,36
2025-09-05,JFK,42
2025-09-05,LGA,35
2025-09-06,BRK,8
2025-09-06,BRKJS,8
2025-09-06,EWR,28
2025-09-06,JFK,32
2025-09-06,LGA,41
2025-09-07,BRK,9
2025-09-07,BRKJS,17
2025-09-07,EWR,57
2025-09-07,JFK,72
2025-09-07,LGA,122
2025-09-08,BRK,20
2025-09-08,BRKJS,37
2025-09-08,EWR,79
2025-09-08,JFK,81
2025-09-08,LGA,95
2025-09-09,BRK,8
2025-09-09,BRKJS,12
2025-09-09,EWR,47
2025-09-09,JFK,52
2025-09-09,LGA,57
2025-09-10,BRK,4
2025-09-10,BRKJS,14
2025-09-10,EWR,44
2025-09-10,JFK,41
2025-09-10,LGA,36
2025-09-11,BRK,9
2025-09-11,BRKJS,6
2025-09-11,EWR,47
2025-09-11,JFK,36
2025-09-11,LGA,48
2025-09-12,BRK,13
2025-09-12,BRKJS,11
2025-09-12,EWR,50
2025-09-12,JFK,39
2025-09-12,LGA,42
2025-09-13,BRK,4
2025-09-13,BRKJS,8
2025-09-13,EWR,38
2025-09-13,JFK,45
2025-09-13,LGA,50
2025-09-14,BRK,9
2025-09-14,BRKJS,17
2025-09-14,EWR,63
2025-09-14,JFK,83
2025-09-14,LGA,107
2025-09-15,BRK,20
2025-09-15,BRKJS,41
2025-09-15,EWR,92
2025-09-15,JFK,96
2025-09-15,LGA,130
2025-09-16,BRK,16
2025-09-16,BRKJS,15
2025-09-16,EWR,55
2025-09-16,JFK,52
2025-09-16,LGA,67
2025-09-17,BRK,12
2025-09-17,BRKJS,9
2025-09-17,EWR,51
2025-09-17,JFK,60
2025-09-17,LGA,52
2025-09-18,BRK,8
2025-09-18,BRKJS,13
2025-09-18,EWR,44
2025-09-18,JFK,51
2025-09-18,LGA,53
2025-09-19,BRK,9
2025-09-19,BRKJS,11
2025-09-19,EWR,36
2025-09-19,JFK,55
2025-09-19,LGA,80
2025-09-20,BRK,11
2025-09-20,BRKJS,4
2025-09-20,EWR,35
2025-09-20,JFK,62
2025-09-20,LGA,53
2025-09-21,BRK,11
2025-09-21,BRKJS,25
2025-09-21,EWR,86
2025-09-21,JFK,86
2025-09-21,LGA,122
2025-09-22,BRK,16
2025-09-22,BRKJS,39
2025-09-22,EWR,89
2025-09-22,JFK,112
2025-09-22,LGA,118
2025-09-23,BRK,8
2025-09-23,BRKJS,13
2025-09-23,EWR,60
2025-09-23,JFK,81
2025-09-23,LGA,74
2025-09-24,BRK,11
2025-09-24,BRKJS,19
2025-09-24,EWR,58
2025-09-24,JFK,81
2025-09-24,LGA,77
2025-09-25,BRK,13
2025-09-25,BRKJS,13
2025-09-25,EWR,68
2025-09-25,JFK,64
2025-09-25,LGA,87
2025-09-26,BRK,9
2025-09-26,BRKJS,15
2025-09-26,EWR,41
2025-09-26,JFK,57
2025-09-26,LGA,68
2025-09-27,BRK,5
2025-09-27,BRKJS,3
2025-09-27,EWR,43
2025-09-27,JFK,69
2025-09-27,LGA,64
2025-09-28,BRK,13
2025-09-28,BRKJS,43
2025-09-28,EWR,114
2025-09-28,JFK,89
2025-09-28,LGA,126
2025-09-29,BRK,26
2025-09-29,BRKJS,29
2025-09-29,EWR,102
2025-09-29,JFK,82
2025-09-29,LGA,117
2025-09-30,BRK,10
2025-09-30,BRKJS,7
2025-09-30,EWR,82
2025-09-30,JFK,65
2025-09-30,LGA,74
2025-10-01,BRK,2
2025-10-01,BRKJS,7
2025-10-01,EWR,50
2025-10-01,JFK,48
2025-10-01,LGA,67
2025-10-02,BRK,7
2025-10-02,BRKJS,9
2025-10-02,EWR,51
2025-10-02,JFK,46
2025-10-02,LGA,49
2025-10-03,BRK,18
2025-10-03,BRKJS,14
2025-10-03,EWR,56
2025-10-03,JFK,63
2025-10-03,LGA,63
2025-10-04,BRK,5
2025-10-04,BRKJS,8
2025-10-04,EWR,42
2025-10-04,JFK,31
2025-10-04,LGA,60
2025-10-05,BRK,10
2025-10-05,BRKJS,31
2025-10-05,EWR,90
2025-10-05,JFK,53
2025-10-05,LGA,106
2025-10-06,BRK,21
2025-10-06,BRKJS,37
2025-10-06,EWR,116
2025-10-06,JFK,107
2025-10-06,LGA,112
2025-10-07,BRK,9
2025-10-07,BRKJS,8
2025-10-07,EWR,69
2025-10-07,JFK,76
2025-10-07,LGA,79
2025-10-08,BRK,5
2025-10-08,BRKJS,9
2025-10-08,EWR,75
2025-10-08,JFK,61
2025-10-08,LGA,80
2025-10-09,BRK,8
2025-10-09,BRKJS,12
2025-10-09,EWR,57
2025-10-09,JFK,58
2025-10-09,LGA,63
2025-10-10,BRK,13
2025-10-10,BRKJS,14
2025-10-10,EWR,61
2025-10-10,JFK,71
2025-10-10,LGA,71
2025-10-11,BRK,4
2025-10-11,BRKJS,5
2025-10-11,EWR,26
2025-10-11,JFK,44
2025-10-11,LGA,39
2025-10-12,BRK,7
2025-10-12,BRKJS,16
2025-10-12,EWR,52
2025-10-12,JFK,48
2025-10-12,LGA,49
2025-10-13,BRK,18
2025-10-13,BRKJS,30
2025-10-13,EWR,118
2025-10-13,JFK,89
2025-10-13,LGA,127
2025-10-14,BRK,13
2025-10-14,BRKJS,23
2025-10-14,EWR,103
2025-10-14,JFK,92
2025-10-14,LGA,89
2025-10-15,BRK,12
2025-10-15,BRKJS,7
2025-10-15,EWR,51
2025-10-15,JFK,57
2025-10-15,LGA,77
2025-10-16,BRK,14
2025-10-16,BRKJS,8
2025-10-16,EWR,52
2025-10-16,JFK,50
2025-10-16,LGA,43
2025-10-17,BRK,11
2025-10-17,BRKJS,4
2025-10-17,EWR,59
2025-10-17,JFK,51
2025-10-17,LGA,55
2025-10-18,BRK,3
2025-10-18,BRKJS,10
2025-10-18,EWR,58
2025-10-18,JFK,43
2025-10-18,LGA,60
2025-10-19,BRK,9
2025-10-19,BRKJS,33
2025-10-19,EWR,88
2025-10-19,JFK,98
2025-10-19,LGA,105
2025-10-20,BRK,23
2025-10-20,BRKJS,40
2025-10-20,EWR,91
2025-10-20,JFK,87
2025-10-20,LGA,127
2025-10-21,BRK,13
2025-10-21,BRKJS,13
2025-10-21,EWR,73
2025-10-21,JFK,68
2025-10-21,LGA,80
2025-10-22,BRK,6
2025-10-22,BRKJS,13
2025-10-22,EWR,60
2025-10-22,JFK,38
2025-10-22,LGA,71
2025-10-23,BRK,8
2025-10-23,BRKJS,9
2025-10-23,EWR,65
2025-10-23,JFK,58
2025-10-23,LGA,61
2025-10-24,BRK,10
2025-10-24,BRKJS,15
2025-10-24,EWR,66
2025-10-24,JFK,53
2025-10-24,LGA,65
2025-10-25,BRK,8
2025-10-25,BRKJS,4
2025-10-25,EWR,38
2025-10-25,JFK,46
2025-10-25,LGA,60
2025-10-26,BRK,14
2025-10-26,BRKJS,26
2025-10-26,EWR,76
2025-10-26,JFK,71
2025-10-26,LGA,141
2025-10-27,BRK,21
2025-10-27,BRKJS,35
2025-10-27,EWR,97
2025-10-27,JFK,111
2025-10-27,LGA,118
2025-10-28,BRK,10
2025-10-28,BRKJS,11
2025-10-28,EWR,65
2025-10-28,JFK,61
2025-10-28,LGA,56
2025-10-29,BRK,7
2025-10-29,BRKJS,11
2025-10-29,EWR,55
2025-10-29,JFK,54
2025-10-29,LGA,63
2025-10-30,BRK,14
2025-10-30,BRKJS,12
2025-10-30,EWR,47
2025-10-30,JFK,47
2025-10-30,LGA,45
2025-10-31,BRK,7
2025-10-31,BRKJS,14
2025-10-31,EWR,53
2025-10-31,JFK,37
2025-10-31,LGA,41
2025-11-01,BRK,7
2025-11-01,BRKJS,3
2025-11-01,EWR,36
2025-11-01,JFK,29
2025-11-01,LGA,41
2025-11-02,BRK,9
2025-11-02,BRKJS,24
2025-11-02,EWR,62
2025-11-02,JFK,53
2025-11-02,LGA,84
2025-11-03,BRK,18
2025-11-03,BRKJS,38
2025-11-03,EWR,76
2025-11-03,JFK,62
2025-11-03,LGA,89
2025-11-04,BRK,9
2025-11-04,BRKJS,6
2025-11-04,EWR,75
2025-11-04,JFK,65
2025-11-04,LGA,82
2025-11-05,BRK,8
2025-11-05,BRKJS,10
2025-11-05,EWR,46
2025-11-05,JFK,45
2025-11-05,LGA,66
2025-11-06,BRK,12
2025-11-06,BRKJS,2
2025-11-06,EWR,44
2025-11-06,JFK,36
2025-11-06,LGA,46
2025-11-07,BRK,11
2025-11-07,BRKJS,13
2025-11-07,EWR,44
2025-11-07,JFK,49
2025-11-07,LGA,56
2025-11-08,BRK,6
2025-11-08,BRKJS,5
2025-11-08,EWR,43
2025-11-08,JFK,66
2025-11-08,LGA,56
2025-11-09,BRK,10
2025-11-09,BRKJS,28
2025-11-09,EWR,68
2025-11-09,JFK,109
2025-11-09,LGA,101
2025-11-10,BRK,12
2025-11-10,BRKJS,32
2025-11-10,EWR,84
2025-11-10,JFK,92
2025-11-10,LGA,92
2025-11-11,BRK,10
2025-11-11,BRKJS,18
2025-11-11,EWR,53
2025-11-11,JFK,62
2025-11-11,LGA,71
2025-11-12,BRK,8
2025-11-12,BRKJS,9
2025-11-12,EWR,35
2025-11-12,JFK,60
2025-11-12,LGA,49
2025-11-13,BRK,10
2025-11-13,BRKJS,11
2025-11-13,EWR,41
2025-11-13,JFK,31
2025-11-13,LGA,46
2025-11-14,BRK,8
2025-11-14,BRKJS,8
2025-11-14,EWR,35
2025-11-14,JFK,55
2025-11-14,LGA,51
2025-11-15,BRK,4
2025-11-15,BRKJS,5
2025-11-15,EWR,33
2025-11-15,JFK,33
2025-11-15,LGA,47
2025-11-16,BRK,9
2025-11-16,BRKJS,33
2025-11-16,EWR,63
2025-11-16,JFK,60
2025-11-16,LGA,109
2025-11-17,BRK,18
2025-11-17,BRKJS,35
2025-11-17,EWR,87
2025-11-17,JFK,77
2025-11-17,LGA,107
2025-11-18,BRK,5
2025-11-18,BRKJS,7
2025-11-18,EWR,58
2025-11-18,JFK,51
2025-11-18,LGA,75
2025-11-19,BRK,11
2025-11-19,BRKJS,9
2025-11-19,EWR,59
2025-11-19,JFK,55
2025-11-19,LGA,64
2025-11-20,BRK,8
2025-11-20,BRKJS,7
2025-11-20,EWR,38
2025-11-20,JFK,33
2025-11-20,LGA,34
2025-11-20,NYC,1
2025-11-21,BRK,4
2025-11-21,BRKJS,16
2025-11-21,EWR,34
2025-11-21,JFK,45
2025-11-21,LGA,38
2025-11-22,BRK,1
2025-11-22,BRKJS,7
2025-11-22,EWR,38
2025-11-22,JFK,41
2025-11-22,LGA,42
2025-11-23,BRK,13
2025-11-23,BRKJS,24
2025-11-23,EWR,71
2025-11-23,JFK,95
2025-11-23,LGA,91
2025-11-24,BRK,8
2025-11-24,BRKJS,28
2025-11-24,EWR,81
2025-11-24,JFK,81
2025-11-24,LGA,118
2025-11-25,BRK,12
2025-11-25,BRKJS,13
2025-11-25,EWR,55
2025-11-25,JFK,67
2025-11-25,LGA,70
2025-11-26,BRK,15
2025-11-26,BRKJS,8
2025-11-26,EWR,55
2025-11-26,JFK,101
2025-11-26,LGA,94
2025-11-27,BRKJS,2
2025-11-27,EWR,21
2025-11-27,JFK,33
2025-11-27,LGA,22
2025-11-27,SUBS,1
2025-11-28,BRK,8
2025-11-28,BRKJS,7
2025-11-28,EWR,51
2025-11-28,JFK,28
2025-11-28,LGA,52
2025-11-29,BRK,10
2025-11-29,BRKJS,13
2025-11-29,EWR,65
2025-11-29,JFK,56
2025-11-29,LGA,71
2025-11-30,BRK,17
2025-11-30,BRKJS,30
2025-11-30,EWR,114
2025-11-30,JFK,109
2025-11-30,LGA,130
2025-12-01,BRK,16
2025-12-01,BRKJS,30
2025-12-01,EWR,109
2025-12-01,JFK,100
2025-12-01,LGA,83
2025-12-02,BRK,12
2025-12-02,BRKJS,10
2025-12-02,EWR,59
2025-12-02,JFK,63
2025-12-02,LGA,54
2025-12-03,BRK,9
2025-12-03,BRKJS,4
2025-12-03,EWR,45
2025-12-03,JFK,45
2025-12-03,LGA,21
2025-12-04,BRK,7
2025-12-04,BRKJS,3
2025-12-04,EWR,39
2025-12-04,JFK,30
2025-12-04,LGA,24
2025-12-05,BRK,7
2025-12-05,BRKJS,5
2025-12-05,EWR,48
2025-12-05,JFK,26
2025-12-05,LGA,30
2025-12-06,BRK,4
2025-12-06,BRKJS,3
2025-12-06,EWR,44
2025-12-06,JFK,35
2025-12-06,LGA,42
2025-12-07,BRK,13
2025-12-07,BRKJS,18
2025-12-07,EWR,67
2025-12-07,JFK,65
2025-12-07,LGA,72
2025-12-08,BRK,17
2025-12-08,BRKJS,17
2025-12-08,EWR,80
2025-12-08,JFK,55
2025-12-08,LGA,71
2025-12-09,BRK,6
2025-12-09,BRKJS,9
2025-12-09,EWR,59
2025-12-09,JFK,53
2025-12-09,LGA,64
2025-12-09,NYC,1
2025-12-10,BRK,4
2025-12-10,BRKJS,4
2025-12-10,EWR,67
2025-12-10,JFK,39
2025-12-10,LGA,58
2025-12-11,BRK,11
2025-12-11,BRKJS,8
2025-12-11,EWR,59
2025-12-11,JFK,41
2025-12-11,LGA,51
2025-12-12,BRK,5
2025-12-12,BRKJS,10
2025-12-12,EWR,54
2025-12-12,JFK,54
2025-12-12,LGA,60
2025-12-13,BRK,5
2025-12-13,BRKJS,5
2025-12-13,EWR,51
2025-12-13,JFK,35
2025-12-13,LGA,53
2025-12-14,BRK,10
2025-12-14,BRKJS,19
2025-12-14,EWR,78
2025-12-14,JFK,78
2025-12-14,LGA,76
2025-12-15,BRK,13
2025-12-15,BRKJS,23
2025-12-15,EWR,114
2025-12-15,JFK,71
2025-12-15,LGA,95
2025-12-16,BRK,11
2025-12-16,BRKJS,14
2025-12-16,EWR,71
2025-12-16,JFK,72
2025-12-16,LGA,76
2025-12-17,BRK,3
2025-12-17,BRKJS,7
2025-12-17,EWR,47
2025-12-17,JFK,46
2025-12-17,LGA,48
2025-12-18,BRK,13
2025-12-18,BRKJS,17
2025-12-18,EWR,39
2025-12-18,JFK,42
2025-12-18,LGA,46
2025-12-19,BRK,11
2025-12-19,BRKJS,13
2025-12-19,EWR,47
2025-12-19,JFK,56
2025-12-19,LGA,54
2025-12-20,BRK,10
2025-12-20,BRKJS,15
2025-12-20,EWR,69
2025-12-20,JFK,55
2025-12-20,LGA,72
2025-12-21,BRK,9
2025-12-21,BRKJS,34
2025-12-21,EWR,113
2025-12-21,JFK,97
2025-12-21,LGA,122
2025-12-22,BRK,7
2025-12-22,BRKJS,27
2025-12-22,EWR,74
2025-12-22,JFK,88
2025-12-22,LGA,106
2025-12-23,BRK,11
2025-12-23,BRKJS,21
2025-12-23,EWR,62
2025-12-23,JFK,61
2025-12-23,LGA,69
2025-12-24,BRK,8
2025-12-24,BRKJS,7
2025-12-24,EWR,40
2025-12-24,JFK,36
2025-12-24,LGA,38
2025-12-25,BRK,3
2025-12-25,BRKJS,2
2025-12-25,EWR,22
2025-12-25,JFK,23
2025-12-25,LGA,22
2025-12-26,BRK,13
2025-12-26,BRKJS,22
2025-12-26,EWR,58
2025-12-26,JFK,45
2025-12-26,LGA,64
2025-12-27,BRK,6
2025-12-27,BRKJS,14
2025-12-27,EWR,81
2025-12-27,JFK,26
2025-12-27,LGA,48
2025-12-28,BRK,16
2025-12-28,BRKJS,23
2025-12-28,EWR,93
2025-12-28,JFK,57
2025-12-28,LGA,84
2025-12-29,BRK,22
2025-12-29,BRKJS,34
2025-12-29,EWR,81
2025-12-29,JFK,62
2025-12-29,LGA,61
2025-12-30,BRK,13
2025-12-30,BRKJS,20
2025-12-30,EWR,83
2025-12-30,JFK,56
2025-12-30,LGA,71
2025-12-31,BRK,11
2025-12-31,BRKJS,30
2025-12-31,EWR,54
2025-12-31,JFK,34
2025-12-31,LGA,50
2026-01-01,BRK,5
2026-01-01,BRKJS,14
2026-01-01,EWR,90
2026-01-01,JFK,49
2026-01-01,LGA,62
2026-01-02,BRK,16
2026-01-02,BRKJS,28
2026-01-02,EWR,88
2026-01-02,JFK,86
2026-01-02,LGA,87
2026-01-03,BRK,9
2026-01-03,BRKJS,29
2026-01-03,EWR,83
2026-01-03,JFK,50
2026-01-03,LGA,79
2026-01-04,BRK,17
2026-01-04,BRKJS,33
2026-01-04,EWR,113
2026-01-04,JFK,91
2026-01-04,LGA,121
2026-01-05,BRK,17
2026-01-05,BRKJS,44
2026-01-05,EWR,76
2026-01-05,JFK,70
2026-01-05,LGA,66
2026-01-06,BRK,9
2026-01-06,BRKJS,12
2026-01-06,EWR,59
2026-01-06,JFK,58
2026-01-06,LGA,51
2026-01-07,BRK,4
2026-01-07,BRKJS,4
2026-01-07,EWR,44
2026-01-07,JFK,49
2026-01-07,LGA,38
2026-01-08,BRK,7
2026-01-08,BRKJS,10
2026-01-08,EWR,44
2026-01-08,JFK,53
2026-01-08,LGA,47
2026-01-09,BRK,5
2026-01-09,BRKJS,5
2026-01-09,EWR,44
2026-01-09,JFK,55
2026-01-09,LGA,54
2026-01-10,BRK,7
2026-01-10,BRKJS,10
2026-01-10,EWR,35
2026-01-10,JFK,49
2026-01-10,LGA,45
2026-01-11,BRK,18
2026-01-11,BRKJS,33
2026-01-11,EWR,93
2026-01-11,JFK,101
2026-01-11,LGA,111
2026-01-11,SUBS,2
2026-01-12,BRK,23
2026-01-12,BRKJS,26
2026-01-12,EWR,81
2026-01-12,JFK,72
2026-01-12,LGA,93
2026-01-13,BRK,13
2026-01-13,BRKJS,18
2026-01-13,EWR,50
2026-01-13,JFK,63
2026-01-13,LGA,60
2026-01-14,BRK,8
2026-01-14,BRKJS,5
2026-01-14,EWR,54
2026-01-14,JFK,54
2026-01-14,LGA,53
2026-01-15,BRK,10
2026-01-15,BRKJS,7
2026-01-15,EWR,55
2026-01-15,JFK,42
2026-01-15,LGA,47
2026-01-16,BRK,5
2026-01-16,BRKJS,13
2026-01-16,EWR,39
2026-01-16,JFK,46
2026-01-16,LGA,54
2026-01-17,BRK,4
2026-01-17,BRKJS,10
2026-01-17,EWR,34
2026-01-17,JFK,59
2026-01-17,LGA,47
2026-01-18,BRK,5
2026-01-18,BRKJS,15
2026-01-18,EWR,78
2026-01-18,JFK,78
2026-01-18,LGA,94
2026-01-19,BRK,22
2026-01-19,BRKJS,49
2026-01-19,EWR,117
2026-01-19,JFK,106
2026-01-19,LGA,142
2026-01-20,BRK,6
2026-01-20,BRKJS,19
2026-01-20,EWR,68
2026-01-20,JFK,90
2026-01-20,LGA,88
2026-01-21,BRK,8
2026-01-21,BRKJS,7
2026-01-21,EWR,37
2026-01-21,JFK,59
2026-01-21,LGA,53
2026-01-22,BRK,14
2026-01-22,BRKJS,9
2026-01-22,EWR,51
2026-01-22,JFK,51
2026-01-22,LGA,41
2026-01-23,BRK,11
2026-01-23,BRKJS,8
2026-01-23,EWR,55
2026-01-23,JFK,65
2026-01-23,LGA,63
2026-01-24,BRK,9
2026-01-24,BRKJS,13
2026-01-24,EWR,58
2026-01-24,JFK,57
2026-01-24,LGA,71
2026-01-25,BRK,13
2026-01-25,BRKJS,24
2026-01-25,EWR,14
2026-01-25,JFK,32
2026-01-25,LGA,36
2026-01-26,BRK,8
2026-01-26,BRKJS,14
2026-01-26,EWR,61
2026-01-26,JFK,32
2026-01-26,LGA,50
2026-01-27,BRK,8
2026-01-27,BRKJS,10
2026-01-27,EWR,43
2026-01-27,JFK,59
2026-01-27,LGA,58
2026-01-28,BRK,5
2026-01-28,BRKJS,9
2026-01-28,EWR,36
2026-01-28,JFK,43
2026-01-28,LGA,49
2026-01-29,BRK,10
2026-01-29,BRKJS,8
2026-01-29,EWR,28
2026-01-29,JFK,38
2026-01-29,LGA,31
2026-01-30,BRK,8
2026-01-30,BRKJS,12
2026-01-30,EWR,52
2026-01-30,JFK,48
2026-01-30,LGA,50
2026-01-31,BRK,11
2026-01-31,BRKJS,10
2026-01-31,EWR,34
2026-01-31,JFK,33
2026-01-31,LGA,33
2026-02-01,BRK,17
2026-02-01,BRKJS,36
2026-02-01,EWR,53
2026-02-01,JFK,51
2026-02-01,LGA,74
2026-02-02,BRK,18
2026-02-02,BRKJS,28
2026-02-02,EWR,58
2026-02-02,JFK,59
2026-02-02,LGA,84
2026-02-03,BRK,5
2026-02-03,BRKJS,8
2026-02-03,EWR,52
2026-02-03,JFK,44
2026-02-03,LGA,45
2026-02-04,BRK,12
2026-02-04,BRKJS,7
2026-02-04,EWR,40
2026-02-04,JFK,39
2026-02-04,LGA,40
2026-02-05,BRK,8
2026-02-05,BRKJS,10
2026-02-05,EWR,27
2026-02-05,JFK,33
2026-02-05,LGA,32
2026-02-06,BRK,7
2026-02-06,BRKJS,10
2026-02-06,EWR,47
2026-02-06,JFK,53
2026-02-06,LGA,48
2026-02-07,BRK,3
2026-02-07,BRKJS,8
2026-02-07,EWR,39
2026-02-07,JFK,36
2026-02-07,LGA,47
2026-02-08,BRK,5
2026-02-08,BRKJS,36
2026-02-08,EWR,71
2026-02-08,JFK,46
2026-02-08,LGA,74
2026-02-09,BRK,15
2026-02-09,BRKJS,23
2026-02-09,EWR,85
2026-02-09,JFK,61
2026-02-09,LGA,71
2026-02-10,BRK,4
2026-02-10,BRKJS,19
2026-02-10,EWR,63
2026-02-10,JFK,56
2026-02-10,LGA,59
2026-02-11,BRK,11
2026-02-11,BRKJS,7
2026-02-11,EWR,44
2026-02-11,JFK,47
2026-02-11,LGA,60
2026-02-12,BRK,10
2026-02-12,BRKJS,11
2026-02-12,EWR,57
2026-02-12,JFK,50
2026-02-12,LGA,42
2026-02-13,BRK,8
2026-02-13,BRKJS,4
2026-02-13,EWR,56
2026-02-13,JFK,49
2026-02-13,LGA,56
2026-02-14,BRK,9
2026-02-14,BRKJS,4
2026-02-14,EWR,40
2026-02-14,JFK,36
2026-02-14,LGA,38
2026-02-15,BRK,9
2026-02-15,BRKJS,14
2026-02-15,EWR,60
2026-02-15,JFK,48
2026-02-15,LGA,82
2026-02-16,BRK,16
2026-02-16,BRKJS,23
2026-02-16,EWR,86
2026-02-16,JFK,83
2026-02-16,LGA,116
2026-02-17,BRK,10
2026-02-17,BRKJS,16
2026-02-17,EWR,103
2026-02-17,JFK,61
2026-02-17,LGA,93
2026-02-18,BRK,11
2026-02-18,BRKJS,19
2026-02-18,EWR,70
2026-02-18,JFK,63
2026-02-18,LGA,65
2026-02-19,BRK,12
2026-02-19,BRKJS,11
2026-02-19,EWR,68
2026-02-19,JFK,63
2026-02-19,LGA,53
2026-02-20,BRK,12
2026-02-20,BRKJS,15
2026-02-20,EWR,71
2026-02-20,JFK,56
2026-02-20,LGA,78
2026-02-21,BRK,11
2026-02-21,BRKJS,11
2026-02-21,EWR,58
2026-02-21,JFK,71
2026-02-21,LGA,63
2026-02-22,BRK,14
2026-02-22,BRKJS,34
2026-02-22,EWR,65
2026-02-22,JFK,67
2026-02-22,LGA,78
2026-02-23,BRK,4
2026-02-23,BRKJS,4
2026-02-23,EWR,15
2026-02-23,JFK,22
2026-02-23,LGA,22
2026-02-24,BRK,4
2026-02-24,BRKJS,12
2026-02-24,EWR,68
2026-02-24,JFK,58
2026-02-24,LGA,34
2026-02-25,BRK,7
2026-02-25,BRKJS,11
2026-02-25,EWR,47
2026-02-25,JFK,38
2026-02-25,LGA,37
2026-02-26,BRK,3
2026-02-26,BRKJS,10
2026-02-26,EWR,33
2026-02-26,JFK,31
2026-02-26,LGA,43
2026-02-27,BRK,6
2026-02-27,BRKJS,7
2026-02-27,EWR,51
2026-02-27,JFK,45
2026-02-27,LGA,33
2026-02-28,BRK,5
2026-02-28,BRKJS,10
2026-02-28,EWR,34
2026-02-28,JFK,38
2026-02-28,LGA,47
2026-03-01,BRK,16
2026-03-01,BRKJS,29
2026-03-01,EWR,67
2026-03-01,JFK,47
2026-03-01,LGA,80
2026-03-02,BRK,13
2026-03-02,BRKJS,27
2026-03-02,EWR,72
2026-03-02,JFK,78
2026-03-02,LGA,66
2026-03-03,BRK,10
2026-03-03,BRKJS,8
2026-03-03,EWR,45
2026-03-03,JFK,39
2026-03-03,LGA,42
2026-03-04,BRK,12
2026-03-04,BRKJS,9
2026-03-04,EWR,53
2026-03-04,JFK,54
2026-03-04,LGA,55
2026-03-05,BRK,7
2026-03-05,BRKJS,8
2026-03-05,EWR,56
2026-03-05,JFK,41
2026-03-05,LGA,59
2026-03-06,BRK,11
2026-03-06,BRKJS,6
2026-03-06,EWR,63
2026-03-06,JFK,57
2026-03-06,LGA,57
2026-03-07,BRK,3
2026-03-07,BRKJS,4
2026-03-07,EWR,51
2026-03-07,JFK,33
2026-03-07,LGA,36
2026-03-08,BRK,19
2026-03-08,BRKJS,26
2026-03-08,EWR,65
2026-03-08,JFK,61
2026-03-08,LGA,55
2026-03-09,BRK,15
2026-03-09,BRKJS,26
2026-03-09,EWR,77
2026-03-09,JFK,62
2026-03-09,LGA,80
2026-03-10,BRK,10
2026-03-10,BRKJS,10
2026-03-10,EWR,72
2026-03-10,JFK,54
2026-03-10,LGA,57
2026-03-11,BRK,9
2026-03-11,BRKJS,12
2026-03-11,EWR,82
2026-03-11,JFK,47
2026-03-11,LGA,75
2026-03-12,BRK,15
2026-03-12,BRKJS,13
2026-03-12,EWR,54
2026-03-12,JFK,52
2026-03-12,LGA,43
2026-03-13,BRK,17
2026-03-13,BRKJS,9
2026-03-13,EWR,63
2026-03-13,JFK,44
2026-03-13,LGA,42
2026-03-14,BRK,5
2026-03-14,BRKJS,11
2026-03-14,EWR,35
2026-03-14,JFK,42
2026-03-14,LGA,35
2026-03-15,BRK,17
2026-03-15,BRKJS,27
2026-03-15,EWR,55
2026-03-15,JFK,69
2026-03-15,LGA,81
2026-03-16,BRK,18
2026-03-16,BRKJS,21
2026-03-16,EWR,71
2026-03-16,JFK,76
2026-03-16,LGA,61
2026-03-17,BRK,10
2026-03-17,BRKJS,11
2026-03-17,EWR,50
2026-03-17,JFK,58
2026-03-17,LGA,61
2026-03-18,BRK,13
2026-03-18,BRKJS,11
2026-03-18,EWR,51
2026-03-18,JFK,51
2026-03-18,LGA,54
2026-03-19,BRK,12
2026-03-19,BRKJS,10
2026-03-19,EWR,48
2026-03-19,JFK,56
2026-03-19,LGA,56
2026-03-20,BRK,9
2026-03-20,BRKJS,11
2026-03-20,EWR,61
2026-03-20,JFK,44
2026-03-20,LGA,57
2026-03-21,BRK,6
2026-03-21,BRKJS,8
2026-03-21,EWR,55
2026-03-21,JFK,50
2026-03-21,LGA,45
2026-03-22,BRK,14
2026-03-22,BRKJS,28
2026-03-22,EWR,64
2026-03-22,JFK,69
2026-03-22,LGA,81
2026-03-23,BRK,24
2026-03-23,BRKJS,24
2026-03-23,EWR,57
2026-03-23,JFK,72
2026-03-23,LGA,80
2026-03-24,BRK,9
2026-03-24,BRKJS,7
2026-03-24,EWR,68
2026-03-24,JFK,56
2026-03-24,LGA,62
2026-03-25,BRK,13
2026-03-25,BRKJS,14
2026-03-25,EWR,69
2026-03-25,JFK,54
2026-03-25,LGA,61
2026-03-25,SUBS,1
2026-03-26,BRK,11
2026-03-26,BRKJS,10
2026-03-26,EWR,44
2026-03-26,JFK,57
2026-03-26,LGA,53
2026-03-26,SUBS,1
2026-03-27,BRK,11
2026-03-27,BRKJS,10
2026-03-27,EWR,58
2026-03-27,JFK,50
2026-03-27,LGA,62
2026-03-28,BRK,4
2026-03-28,BRKJS,3
2026-03-28,EWR,44
2026-03-28,JFK,34
2026-03-28,LGA,40
2026-03-29,BRK,12
2026-03-29,BRKJS,29
2026-03-29,EWR,59
2026-03-29,JFK,66
2026-03-29,LGA,107
2026-03-30,BRK,21
2026-03-30,BRKJS,37
2026-03-30,EWR,83
2026-03-30,JFK,90
2026-03-30,LGA,83
2026-03-31,BRK,19
2026-03-31,BRKJS,20
2026-03-31,EWR,74
2026-03-31,JFK,65
2026-03-31,LGA,69
2026-04-01,BRK,15
2026-04-01,BRKJS,11
2026-04-01,EWR,60
2026-04-01,JFK,57
2026-04-01,LGA,44
2026-04-02,BRK,10
2026-04-02,BRKJS,8
2026-04-02,EWR,41
2026-04-02,JFK,42
2026-04-02,LGA,50
2026-04-03,BRK,9
2026-04-03,BRKJS,7
2026-04-03,EWR,38
2026-04-03,JFK,50
2026-04-03,LGA,55
2026-04-04,BRK,6
2026-04-04,BRKJS,6
2026-04-04,EWR,26
2026-04-04,JFK,56
2026-04-04,LGA,27
2026-04-05,BRK,8
2026-04-05,BRKJS,31
2026-04-05,EWR,71
2026-04-05,JFK,57
2026-04-05,LGA,78
2026-04-06,BRK,20
2026-04-06,BRKJS,21
2026-04-06,EWR,54
2026-04-06,JFK,80
2026-04-06,LGA,76
2026-04-07,BRK,14
2026-04-07,BRKJS,15
2026-04-07,EWR,56
2026-04-07,JFK,74
2026-04-07,LGA,79
2026-04-08,BRK,15
2026-04-08,BRKJS,11
2026-04-08,EWR,68
2026-04-08,JFK,54
2026-04-08,LGA,62
2026-04-08,SUBS,1
2026-04-09,BRK,9
2026-04-09,BRKJS,14
2026-04-09,EWR,61
2026-04-09,JFK,41
2026-04-09,LGA,67
2026-04-10,BRK,23
2026-04-10,BRKJS,22
2026-04-10,EWR,45
2026-04-10,JFK,50
2026-04-10,LGA,57
2026-04-11,BRK,10
2026-04-11,BRKJS,10
2026-04-11,EWR,62
2026-04-11,JFK,63
2026-04-11,LGA,51
2026-04-12,BRK,24
2026-04-12,BRKJS,39
2026-04-12,EWR,62
2026-04-12,JFK,78
2026-04-12,LGA,93
2026-04-13,BRK,22
2026-04-13,BRKJS,35
2026-04-13,EWR,77
2026-04-13,JFK,78
2026-04-13,LGA,91
2026-04-14,BRK,16
2026-04-14,BRKJS,13
2026-04-14,EWR,48
2026-04-14,JFK,44
2026-04-14,LGA,49
2026-04-15,BRK,7
2026-04-15,BRKJS,12
2026-04-15,EWR,61
2026-04-15,JFK,31
2026-04-15,LGA,51
2026-04-16,BRK,11
2026-04-16,BRKJS,17
2026-04-16,EWR,65
2026-04-16,JFK,29
2026-04-16,LGA,47
2026-04-17,BRK,8
2026-04-17,BRKJS,12
2026-04-17,EWR,63
2026-04-17,JFK,53
2026-04-17,LGA,61
2026-04-18,BRK,4
2026-04-18,BRKJS,7
2026-04-18,EWR,48
2026-04-18,JFK,40
2026-04-18,LGA,36
2026-04-19,BRK,14
2026-04-19,BRKJS,34
2026-04-19,EWR,82
2026-04-19,JFK,86
2026-04-19,LGA,88
2026-04-20,BRK,22
2026-04-20,BRKJS,38
2026-04-20,EWR,85
2026-04-20,JFK,95
2026-04-20,LGA,80
2026-04-21,BRK,12
2026-04-21,BRKJS,6
2026-04-21,EWR,47
2026-04-21,JFK,50
2026-04-21,LGA,58
2026-04-22,BRK,7
2026-04-22,BRKJS,13
2026-04-22,EWR,43
2026-04-22,JFK,30
2026-04-22,LGA,61
2026-04-23,BRK,9
2026-04-23,BRKJS,9
2026-04-23,EWR,54
2026-04-23,JFK,42
2026-04-23,LGA,55
2026-04-24,BRK,14
2026-04-24,BRKJS,10
2026-04-24,EWR,57
2026-04-24,JFK,47
2026-04-24,LGA,53
2026-04-25,BRK,6
2026-04-25,BRKJS,9
2026-04-25,EWR,46
2026-04-25,JFK,41
2026-04-25,LGA,33
2026-04-26,BRK,22
2026-04-26,BRKJS,24
2026-04-26,EWR,62
2026-04-26,JFK,78
2026-04-26,LGA,87
2026-04-26,SUBS,1
2026-04-27,BRK,22
2026-04-27,BRKJS,38
2026-04-27,EWR,76
2026-04-27,JFK,83
2026-04-27,LGA,93
2026-04-27,SUBS,1
2026-04-28,BRK,10
2026-04-28,BRKJS,14
2026-04-28,EWR,55
2026-04-28,JFK,54
2026-04-28,LGA,57
2026-04-29,BRK,6
2026-04-29,BRKJS,10
2026-04-29,EWR,47
2026-04-29,JFK,32
2026-04-29,LGA,47
2026-04-29,SUBS,1
2026-04-30,BRK,10
2026-04-30,BRKJS,11
2026-04-30,EWR,44
2026-04-30,JFK,33
2026-04-30,LGA,46
2026-05-01,BRK,9
2026-05-01,BRKJS,11
2026-05-01,EWR,46
2026-05-01,JFK,36
2026-05-01,LGA,46
2026-05-02,BRK,5
2026-05-02,BRKJS,11
2026-05-02,EWR,31
2026-05-02,JFK,27
2026-05-02,LGA,35
2026-05-03,BRK,18
2026-05-03,BRKJS,29
2026-05-03,EWR,68
2026-05-03,JFK,71
2026-05-03,LGA,69
2026-05-04,BRK,18
2026-05-04,BRKJS,27
2026-05-04,EWR,71
2026-05-04,JFK,64
2026-05-04,LGA,59
2026-05-05,BRK,11
2026-05-05,BRKJS,16
2026-05-05,EWR,60
2026-05-05,JFK,47
2026-05-05,LGA,47
2026-05-06,BRK,10
2026-05-06,BRKJS,13
2026-05-06,EWR,57
2026-05-06,JFK,38
2026-05-06,LGA,46
2026-05-07,BRK,10
2026-05-07,BRKJS,9
2026-05-07,EWR,58
2026-05-07,JFK,30
2026-05-07,LGA,57
2026-05-08,BRK,14
2026-05-08,BRKJS,15
2026-05-08,EWR,61
2026-05-08,JFK,57
2026-05-08,LGA,51
2026-05-08,SUBS,1
2026-05-09,BRK,6
2026-05-09,BRKJS,6
2026-05-09,EWR,30
2026-05-09,JFK,41
2026-05-09,LGA,46
2026-05-10,BRK,17
2026-05-10,BRKJS,29
2026-05-10,EWR,83
2026-05-10,JFK,81
2026-05-10,LGA,73
2026-05-11,BRK,29
2026-05-11,BRKJS,47
2026-05-11,EWR,74
2026-05-11,JFK,77
2026-05-11,LGA,85
2026-05-12,BRK,13
2026-05-12,BRKJS,12
2026-05-12,EWR,76
2026-05-12,JFK,37
2026-05-12,LGA,74
2026-05-13,BRK,10
2026-05-13,BRKJS,9
2026-05-13,EWR,56
2026-05-13,JFK,42
2026-05-13,LGA,63
2026-05-14,BRK,13
2026-05-14,BRKJS,12
2026-05-14,EWR,50
2026-05-14,JFK,51
2026-05-14,LGA,55
2026-05-15,BRK,12
2026-05-15,BRKJS,18
2026-05-15,EWR,56
2026-05-15,JFK,47
2026-05-15,LGA,59
2026-05-16,BRK,9
2026-05-16,BRKJS,14
2026-05-16,EWR,46
2026-05-16,JFK,37
2026-05-16,LGA,47
2026-05-17,BRK,19
2026-05-17,BRKJS,31
2026-05-17,EWR,72
2026-05-17,JFK,78
2026-05-17,LGA,72
2026-05-18,BRK,30
2026-05-18,BRKJS,37
2026-05-18,EWR,80
2026-05-18,JFK,81
2026-05-18,LGA,78
2026-05-18,SUBS,1
2026-05-19,BRK,11
2026-05-19,BRKJS,19
2026-05-19,EWR,95
2026-05-19,JFK,59
2026-05-19,LGA,94
2026-05-20,BRK,13
2026-05-20,BRKJS,14
2026-05-20,EWR,68
2026-05-20,JFK,57
2026-05-20,LGA,107
2026-05-21,BRK,14
2026-05-21,BRKJS,15
2026-05-21,EWR,69
2026-05-21,JFK,60
2026-05-21,LGA,78
2026-05-21,SUBS,1
2026-05-22,BRK,10
2026-05-22,BRKJS,6
2026-05-22,EWR,50
2026-05-22,JFK,43
2026-05-22,LGA,42
2026-05-23,BRK,4
2026-05-23,BRKJS,5
2026-05-23,EWR,61
2026-05-23,JFK,33
2026-05-23,LGA,34
2026-05-24,BRK,9
2026-05-24,BRKJS,17
2026-05-24,EWR,67
2026-05-24,JFK,59
2026-05-24,LGA,54
2026-05-25,BRK,25
2026-05-25,BRKJS,44
2026-05-25,EWR,95
2026-05-25,JFK,87
2026-05-25,LGA,125
2026-05-26,BRK,23
2026-05-26,BRKJS,13
2026-05-26,EWR,61
2026-05-26,JFK,66
2026-05-26,LGA,55
2026-05-27,BRK,11
2026-05-27,BRKJS,13
2026-05-27,EWR,44
2026-05-27,JFK,44
2026-05-27,LGA,43
2026-05-28,BRK,10
2026-05-28,BRKJS,9
2026-05-28,EWR,41
2026-05-28,JFK,41
2026-05-28,LGA,55
2026-05-29,BRK,10
2026-05-29,BRKJS,19
2026-05-29,EWR,50
2026-05-29,JFK,34
2026-05-29,LGA,39
2026-05-29,SUBS,1
2026-05-30,BRK,7
2026-05-30,BRKJS,5
2026-05-30,EWR,47
2026-05-30,JFK,42
2026-05-30,LGA,41
2026-05-31,BRK,17
2026-05-31,BRKJS,29
2026-05-31,EWR,99
2026-05-31,JFK,87
2026-05-31,LGA,76
2026-06-01,BRK,20
2026-06-01,BRKJS,41
2026-06-01,EWR,68
2026-06-01,JFK,92
2026-06-01,LGA,79
2026-06-02,BRK,6
2026-06-02,BRKJS,12
2026-06-02,EWR,57
2026-06-02,JFK,46
2026-06-02,LGA,49
2026-06-03,BRK,11
2026-06-03,BRKJS,12
2026-06-03,EWR,53
2026-06-03,JFK,40
2026-06-03,LGA,31
2026-06-04,BRK,12
2026-06-04,BRKJS,11
2026-06-04,EWR,41
2026-06-04,JFK,39
2026-06-04,LGA,41
2026-06-05,BRK,15
2026-06-05,BRKJS,9
2026-06-05,EWR,63
2026-06-05,JFK,34
2026-06-05,LGA,61
2026-06-06,BRK,7
2026-06-06,BRKJS,11
2026-06-06,EWR,39
2026-06-06,JFK,28
2026-06-06,LGA,34
2026-06-07,BRK,13
2026-06-07,BRKJS,32
2026-06-07,EWR,75
2026-06-07,JFK,49
2026-06-07,LGA,65
2026-06-08,BRK,19
2026-06-08,BRKJS,36
2026-06-08,EWR,69
2026-06-08,JFK,60
2026-06-08,LGA,84
2026-06-09,BRK,12
2026-06-09,BRKJS,12
2026-06-09,EWR,75
2026-06-09,JFK,66
2026-06-09,LGA,67
2026-06-10,BRK,8
2026-06-10,BRKJS,11
2026-06-10,EWR,67
2026-06-10,JFK,47
2026-06-10,LGA,64
2026-06-11,BRK,21
2026-06-11,BRKJS,15
2026-06-11,EWR,56
2026-06-11,JFK,44
2026-06-11,LGA,56
2026-06-12,BRK,9
2026-06-12,BRKJS,19
2026-06-12,EWR,73
2026-06-12,JFK,44
2026-06-12,LGA,47
2026-06-13,BRK,8
2026-06-13,BRKJS,8
2026-06-13,EWR,32
2026-06-13,JFK,38
2026-06-13,LGA,36
2026-06-14,BRK,13
2026-06-14,BRKJS,37
2026-06-14,EWR,50
2026-06-14,JFK,62
2026-06-14,LGA,75
2026-06-14,SUBS,1
2026-06-15,BRK,16
2026-06-15,BRKJS,33
2026-06-15,EWR,84
2026-06-15,JFK,76
2026-06-15,LGA,75
2026-06-16,BRK,12
2026-06-16,BRKJS,15
2026-06-16,EWR,69
2026-06-16,JFK,58
2026-06-16,LGA,66
2026-06-17,BRK,15
2026-06-17,BRKJS,10
2026-06-17,EWR,75
2026-06-17,JFK,48
2026-06-17,LGA,64
2026-06-18,BRK,18
2026-06-18,BRKJS,6
2026-06-18,EWR,59
2026-06-18,JFK,45
2026-06-18,LGA,66
2026-06-19,BRK,15
2026-06-19,BRKJS,7
2026-06-19,EWR,56
2026-06-19,JFK,51
2026-06-19,LGA,64
2026-06-20,BRK,11
2026-06-20,BRKJS,2
2026-06-20,EWR,50
2026-06-20,JFK,54
2026-06-20,LGA,40
2026-06-21,BRK,16
2026-06-21,BRKJS,40
2026-06-21,EWR,77
2026-06-21,JFK,76
2026-06-21,LGA,97
2026-06-22,BRK,18
2026-06-22,BRKJS,37
2026-06-22,EWR,75
2026-06-22,JFK,80
2026-06-22,LGA,67
2026-06-22,SUBS,1
2026-06-23,BRK,9
2026-06-23,BRKJS,20
2026-06-23,EWR,81
2026-06-23,JFK,69
2026-06-23,LGA,66
2026-06-24,BRK,11
2026-06-24,BRKJS,15
2026-06-24,EWR,65
2026-06-24,JFK,50
2026-06-24,LGA,74
2026-06-25,BRK,15
2026-06-25,BRKJS,19
2026-06-25,EWR,56
2026-06-25,JFK,48
2026-06-25,LGA,61
2026-06-26,BRK,16
2026-06-26,BRKJS,27
2026-06-26,EWR,75
2026-06-26,JFK,42
2026-06-26,LGA,52
2026-06-27,BRK,6
2026-06-27,BRKJS,6
2026-06-27,EWR,53
2026-06-27,JFK,60
2026-06-27,LGA,37
2026-06-28,BRK,9
2026-06-28,BRKJS,28
2026-06-28,EWR,99
2026-06-28,JFK,78
2026-06-28,LGA,75
2026-06-29,BRK,27
2026-06-29,BRKJS,34
2026-06-29,EWR,88
2026-06-29,JFK,64
2026-06-29,LGA,68
2026-06-29,SUBS,1
2026-06-30,BRK,17
2026-06-30,BRKJS,12
2026-06-30,EWR,96
2026-06-30,JFK,71
2026-06-30,LGA,87
2026-06-30,SUBS,1
2026-07-01,BRK,18
2026-07-01,BRKJS,14
2026-07-01,EWR,61
2026-07-01,JFK,49
2026-07-01,LGA,73
2026-07-02,BRK,16
2026-07-02,BRKJS,16
2026-07-02,EWR,44
2026-07-02,JFK,43
2026-07-02,LGA,49
2026-07-03,BRK,13
2026-07-03,BRKJS,3
2026-07-03,EWR,38
2026-07-03,JFK,55
2026-07-03,LGA,54
2026-07-04,BRKJS,6
2026-07-04,EWR,31
2026-07-04,JFK,29
2026-07-04,LGA,25
2026-07-05,BRK,18
2026-07-05,BRKJS,35
2026-07-05,EWR,120
2026-07-05,JFK,101
2026-07-05,LGA,115
2026-07-05,SUBS,2
2026-07-06,BRK,32
2026-07-06,BRKJS,23
2026-07-06,EWR,102
2026-07-06,JFK,76
2026-07-06,LGA,73
2026-07-07,BRK,15
2026-07-07,BRKJS,18
2026-07-07,EWR,50
2026-07-07,JFK,66
2026-07-07,LGA,55
2026-07-07,SUBS,1
2026-07-08,BRK,7
2026-07-08,BRKJS,11
2026-07-08,EWR,55
2026-07-08,JFK,46
2026-07-08,LGA,42
2026-07-08,SUBS,1
2026-07-09,BRK,8
2026-07-09,BRKJS,12
2026-07-09,EWR,52
2026-07-09,JFK,32
2026-07-09,LGA,51
2026-07-10,BRK,11
2026-07-10,BRKJS,11
2026-07-10,EWR,59
2026-07-10,JFK,47
2026-07-10,LGA,68
2026-07-10,SUBS,1
2026-07-11,BRK,5
2026-07-11,BRKJS,10
2026-07-11,EWR,53
2026-07-11,JFK,44
2026-07-11,LGA,48
2026-07-11,SUBS,3
2026-07-12,BRK,12
2026-07-12,BRKJS,36
2026-07-12,EWR,59
2026-07-12,JFK,64
2026-07-12,LGA,88
2026-07-13,BRK,30
2026-07-13,BRKJS,26
2026-07-13,EWR,78
2026-07-13,JFK,69
2026-07-13,LGA,77
2026-07-14,BRK,13
2026-07-14,BRKJS,18
2026-07-14,EWR,65
2026-07-14,JFK,61
2026-07-14,LGA,76
2026-07-15,BRK,12
2026-07-15,BRKJS,11
2026-07-15,EWR,55
2026-07-15,JFK,55
2026-07-15,LGA,75
2026-07-15,SUBS,1
2026-07-16,BRK,10
2026-07-16,BRKJS,17
2026-07-16,EWR,55
2026-07-16,JFK,46
2026-07-16,LGA,48
2026-07-16,SUBS,1
2026-07-17,BRK,24
2026-07-17,BRKJS,18
2026-07-17,EWR,54
2026-07-17,JFK,48
2026-07-17,LGA,63
2026-07-18,BRK,4
2026-07-18,BRKJS,19
2026-07-18,EWR,40
2026-07-18,JFK,40
2026-07-18,LGA,46
2026-07-19,BRK,9
2026-07-19,BRKJS,34
2026-07-19,EWR,51
2026-07-19,JFK,49
2026-07-19,LGA,98
2026-07-20,BRK,23
2026-07-20,BRKJS,42
2026-07-20,EWR,72
2026-07-20,JFK,77
2026-07-20,LGA,81
2026-07-21,BRK,10
2026-07-21,BRKJS,18
2026-07-21,EWR,71
2026-07-21,JFK,38
2026-07-21,LGA,68
2026-07-22,BRK,10
2026-07-22,BRKJS,14
2026-07-22,EWR,60
2026-07-22,JFK,62
2026-07-22,LGA,82
2026-07-23,BRK,15
2026-07-23,BRKJS,15
2026-07-23,EWR,52
2026-07-23,JFK,59
2026-07-23,LGA,55
2026-07-24,BRK,13
2026-07-24,BRKJS,21
2026-07-24,EWR,69
2026-07-24,JFK,52
2026-07-24,LGA,68
2026-07-24,SUBS,1
2026-07-25,BRK,5
2026-07-25,BRKJS,9
2026-07-25,EWR,56
2026-07-25,JFK,50
2026-07-25,LGA,50
2026-07-25,SUBS,2
2026-07-26,BRK,11
2026-07-26,BRKJS,34
2026-07-26,EWR,57
2026-07-26,JFK,64
2026-07-26,LGA,116
2026-07-27,BRK,25
2026-07-27,BRKJS,48
2026-07-27,EWR,71
2026-07-27,JFK,74
2026-07-27,LGA,82
2026-07-28,BRK,14
2026-07-28,BRKJS,14
2026-07-28,EWR,66
2026-07-28,JFK,60
2026-07-28,LGA,66
2026-07-29,BRK,8
2026-07-29,BRKJS,15
2026-07-29,EWR,52
2026-07-29,JFK,63
2026-07-29,LGA,87
2026-07-29,SUBS,2
2026-07-30,BRK,15
2026-07-30,BRKJS,17
2026-07-30,EWR,56
2026-07-30,JFK,53
2026-07-30,LGA,72
2026-07-31,BRK,16
2026-07-31,BRKJS,24
2026-07-31,EWR,60
2026-07-31,JFK,61
2026-07-31,LGA,79
2026-08-01,BRK,8
2026-08-01,BRKJS,14
2026-08-01,EWR,52
2026-08-01,JFK,58
2026-08-01,LGA,53
2026-08-01,SUBS,3
2026-08-02,BRK,12
2026-08-02,BRKJS,40
2026-08-02,EWR,70
2026-08-02,JFK,64
2026-08-02,LGA,93
2026-08-03,BRK,29
2026-08-03,BRKJS,40
2026-08-03,EWR,72
2026-08-03,JFK,80
2026-08-03,LGA,93
2026-08-03,SUBS,1
2026-08-04,BRK,18
2026-08-04,BRKJS,21
2026-08-04,EWR,71
2026-08-04,JFK,67
2026-08-04,LGA,76
2026-08-05,BRK,11
2026-08-05,BRKJS,13
2026-08-05,EWR,57
2026-08-05,JFK,49
2026-08-05,LGA,80
2026-08-06,BRK,10
2026-08-06,BRKJS,26
2026-08-06,EWR,66
2026-08-06,JFK,54
2026-08-06,LGA,71
2026-08-06,SUBS,1
2026-08-07,BRK,17
2026-08-07,BRKJS,21
2026-08-07,EWR,39
2026-08-07,JFK,52
2026-08-07,LGA,70
2026-08-08,BRK,5
2026-08-08,BRKJS,8
2026-08-08,EWR,52
2026-08-08,JFK,40
2026-08-08,LGA,50
2026-08-09,BRK,15
2026-08-09,BRKJS,29
2026-08-09,EWR,69
2026-08-09,JFK,66
2026-08-09,LGA,105
2026-08-10,BRK,33
2026-08-10,BRKJS,43
2026-08-10,EWR,65
2026-08-10,JFK,74
2026-08-10,LGA,105
2026-08-11,BRK,23
2026-08-11,BRKJS,16
2026-08-11,EWR,57
2026-08-11,JFK,57
2026-08-11,LGA,88
2026-08-11,SUBS,1
2026-08-12,BRK,10
2026-08-12,BRKJS,19
2026-08-12,EWR,56
2026-08-12,JFK,62
2026-08-12,LGA,78
2026-08-12,SUBS,1
2026-08-13,BRK,15
2026-08-13,BRKJS,22
2026-08-13,EWR,53
2026-08-13,JFK,45
2026-08-13,LGA,55
2026-08-14,BRK,20
2026-08-14,BRKJS,23
2026-08-14,EWR,51
2026-08-14,JFK,37
2026-08-14,LGA,68
2026-08-15,BRK,5
2026-08-15,BRKJS,18
2026-08-15,EWR,42
2026-08-15,JFK,45
2026-08-15,LGA,47
2026-08-16,BRK,21
2026-08-16,BRKJS,47
2026-08-16,EWR,80
2026-08-16,JFK,58
2026-08-16,LGA,98
2026-08-17,BRK,31
2026-08-17,BRKJS,44
2026-08-17,EWR,66
2026-08-17,JFK,77
2026-08-17,LGA,94
2026-08-17,SUBS,2
2026-08-18,BRK,12
2026-08-18,BRKJS,29
2026-08-18,EWR,55
2026-08-18,JFK,54
2026-08-18,LGA,69
2026-08-19,BRK,14
2026-08-19,BRKJS,20
2026-08-19,EWR,57
2026-08-19,JFK,52
2026-08-19,LGA,64
2026-08-19,SUBS,1
2026-08-20,BRK,13
2026-08-20,BRKJS,22
2026-08-20,EWR,52
2026-08-20,JFK,38
2026-08-20,LGA,66
2026-08-21,BRK,16
2026-08-21,BRKJS,37
2026-08-21,EWR,52
2026-08-21,JFK,62
2026-08-21,LGA,73
2026-08-22,BRK,9
2026-08-22,BRKJS,21
2026-08-22,EWR,50
2026-08-22,JFK,63
2026-08-22,LGA,66
2026-08-23,BRK,11
2026-08-23,BRKJS,37
2026-08-23,EWR,63
2026-08-23,JFK,80
2026-08-23,LGA,134
2026-08-24,BRK,29
2026-08-24,BRKJS,43
2026-08-24,EWR,49
2026-08-24,JFK,64
2026-08-24,LGA,89
2026-08-25,BRK,25
2026-08-25,BRKJS,15
2026-08-25,EWR,56
2026-08-25,JFK,47
2026-08-25,LGA,55
2026-08-25,SUBS,1
2026-08-26,BRK,6
2026-08-26,BRKJS,18
2026-08-26,EWR,44
2026-08-26,EWRCON,1
2026-08-26,JFK,52
2026-08-26,LGA,65
2026-08-26,SUBS,1
2026-08-27,BRK,20
2026-08-27,BRKJS,15
2026-08-27,EWR,47
2026-08-27,EWRCON,1
2026-08-27,JFK,45
2026-08-27,LGA,73
2026-08-27,SUBS,1
2026-08-28,BRK,12
2026-08-28,BRKJS,25
2026-08-28,EWR,39
2026-08-28,EWRCON,11
2026-08-28,JFK,48
2026-08-28,LGA,69
2026-08-28,SUBS,1
2026-08-29,BRK,7
2026-08-29,BRKJS,12
2026-08-29,EWR,33
2026-08-29,EWRCON,4
2026-08-29,JFK,47
2026-08-29,LGA,51
2026-08-30,BRK,13
2026-08-30,BRKJS,54
2026-08-30,EWR,37
2026-08-30,EWRCON,16
2026-08-30,JFK,97
2026-08-30,LGA,119
2026-08-31,BRK,31
2026-08-31,BRKJS,39
2026-08-31,EWR,38
2026-08-31,EWRCON,14
2026-08-31,JFK,81
2026-08-31,LGA,107
2026-09-01,BRK,13
2026-09-01,BRKJS,16
2026-09-01,EWR,28
2026-09-01,EWRCON,12
2026-09-01,JFK,42
2026-09-01,LGA,49
2026-09-02,BRK,7
2026-09-02,BRKJS,26
2026-09-02,EWR,19
2026-09-02,EWRCON,11
2026-09-02,JFK,44
2026-09-02,LGA,44
2026-09-03,BRK,12
2026-09-03,BRKJS,15
2026-09-03,EWR,15
2026-09-03,EWRCON,7
2026-09-03,JFK,29
2026-09-03,LGA,34
2026-09-03,SUBS,1
2026-09-04,BRK,15
2026-09-04,BRKJS,15
2026-09-04,EWR,14
2026-09-04,EWRCON,12
2026-09-04,JFK,45
2026-09-04,LGA,78
2026-09-05,BRK,5
2026-09-05,BRKJS,14
2026-09-05,EWR,10
2026-09-05,EWRCON,16
2026-09-05,JFK,27
2026-09-05,LGA,33
2026-09-06,BRK,11
2026-09-06,BRKJS,13
2026-09-06,EWR,20
2026-09-06,EWRCON,36
2026-09-06,JFK,59
2026-09-06,LGA,83
2026-09-07,BRK,15
2026-09-07,BRKJS,65
2026-09-07,EWR,27
2026-09-07,EWRCON,92
2026-09-07,JFK,88
2026-09-07,LGA,153
2026-09-08,BRK,26
2026-09-08,BRKJS,47
2026-09-08,EWR,28
2026-09-08,EWRCON,40
2026-09-08,JFK,80
2026-09-08,LGA,94
2026-09-08,SUBS,1
2026-09-09,BRK,12
2026-09-09,BRKJS,11
2026-09-09,EWR,15
2026-09-09,EWRCON,23
2026-09-09,JFK,58
2026-09-09,LGA,53
2026-09-10,BRK,13
2026-09-10,BRKJS,15
2026-09-10,EWR,11
2026-09-10,EWRCON,20
2026-09-10,JFK,41
2026-09-10,LGA,37
2026-09-11,BRK,11
2026-09-11,BRKJS,14
2026-09-11,EWR,5
2026-09-11,EWRCON,17
2026-09-11,JFK,35
2026-09-11,LGA,55
2026-09-12,BRKJS,1
2026-09-12,EWR,3
2026-09-12,JFK,10
2026-09-12,LGA,9
